Model,Avg_B,Avg_Poisoning_Rate,Avg_ASR,Avg_TDR
gpt-4o,100.0,0.008504124500382685,0.9144531203785862,0.8099999999999999
gpt-4o-mini,100.0,0.008504124500382685,0.9207256235827664,0.8099999999999999
gpt-5-mini,100.0,0.008504124500382685,0.9092534013605442,0.8099999999999999
