Model,Avg_B,Avg_Poisoning_Rate,Avg_ASR,Avg_TDR
gpt-4o,145.8,0.012399013521557955,0.9468008274231678,0.9099999999999999
gpt-4o-mini,145.8,0.012399013521557955,0.9618367346938775,0.9099999999999999
gpt-5-mini,145.8,0.012399013521557955,0.95,0.9099999999999999
