Model,Avg_B,Avg_Poisoning_Rate,Avg_ASR,Avg_TDR
gpt-4o,200.0,1.0050251256281406,0.010040816326530613,0.0
gpt-4o-mini,200.0,1.0050251256281406,0.002,0.0
gpt-5-mini,200.0,1.0050251256281406,0.0040408163265306125,0.0
